-- phpMyAdmin SQL Dump
-- version 4.1.14
-- http://www.phpmyadmin.net
--
-- Host: 127.0.0.1
-- Generation Time: 2015-07-03 10:51:46
-- 服务器版本： 5.6.17
-- PHP Version: 5.5.12

SET SQL_MODE = "NO_AUTO_VALUE_ON_ZERO";
SET time_zone = "+00:00";


/*!40101 SET @OLD_CHARACTER_SET_CLIENT=@@CHARACTER_SET_CLIENT */;
/*!40101 SET @OLD_CHARACTER_SET_RESULTS=@@CHARACTER_SET_RESULTS */;
/*!40101 SET @OLD_COLLATION_CONNECTION=@@COLLATION_CONNECTION */;
/*!40101 SET NAMES utf8 */;

--
-- Database: `exam`
--

-- --------------------------------------------------------

--
-- 表的结构 `exam_chap`
--

CREATE TABLE IF NOT EXISTS `exam_chap` (
  `co_id` int(20) NOT NULL,
  `ch_id` int(20) NOT NULL,
  `ch_name` varchar(100) CHARACTER SET armscii8 NOT NULL,
  `ch_detail` varchar(100) CHARACTER SET armscii8 NOT NULL,
  PRIMARY KEY (`ch_id`)
) ENGINE=InnoDB DEFAULT CHARSET=utf8;

--
-- 转存表中的数据 `exam_chap`
--

INSERT INTO `exam_chap` (`co_id`, `ch_id`, `ch_name`, `ch_detail`) VALUES
(0, 0, '???', ''),
(0, 1, '????', ''),
(0, 2, '???', ''),
(0, 3, '1', ''),
(0, 4, '2', ''),
(0, 5, '3', '');

-- --------------------------------------------------------

--
-- 表的结构 `exam_course`
--

CREATE TABLE IF NOT EXISTS `exam_course` (
  `co_id` int(11) NOT NULL AUTO_INCREMENT,
  `co_desc` text,
  `co_pid` varchar(20) NOT NULL,
  `co_name` varchar(100) DEFAULT NULL,
  `co_cat` int(10) DEFAULT NULL,
  PRIMARY KEY (`co_id`)
) ENGINE=InnoDB  DEFAULT CHARSET=utf8 AUTO_INCREMENT=7 ;

--
-- 转存表中的数据 `exam_course`
--

INSERT INTO `exam_course` (`co_id`, `co_desc`, `co_pid`, `co_name`, `co_cat`) VALUES
(1, '基于规则空间模型编 制大尺度的诊断性测验时, 命题小组对于测验目标 的理解、对于学生学习过程的了解和关于领域内属 性的特点的知识经验是影响测验编制质量的重要因 素。', '', '小学四、五年级数学诊断性测验', 1),
(2, '', '', '乘法和除法计算', 1),
(3, '', '', '分数减法', 2),
(4, '', '', '分数加法', 2),
(5, '', '', '人教版小学数学四年级（上）第三单元', 0),
(6, '', '', '小学五年级分数图形测验', 2);

-- --------------------------------------------------------

--
-- 表的结构 `exam_know_bank`
--

CREATE TABLE IF NOT EXISTS `exam_know_bank` (
  `know_id` int(11) NOT NULL AUTO_INCREMENT,
  `know_name` char(50) DEFAULT NULL,
  `ch_id` char(20) DEFAULT NULL,
  `know_desc` varchar(500) NOT NULL COMMENT '知识点描述',
  `pid` varchar(20) DEFAULT NULL,
  `co_id` int(11) NOT NULL,
  PRIMARY KEY (`know_id`)
) ENGINE=InnoDB  DEFAULT CHARSET=utf8 AUTO_INCREMENT=28 ;

--
-- 转存表中的数据 `exam_know_bank`
--

INSERT INTO `exam_know_bank` (`know_id`, `know_name`, `ch_id`, `know_desc`, `pid`, `co_id`) VALUES
(1, '整数', NULL, '整数概念的理解', NULL, 1),
(2, '分数与小数', NULL, '分数与小数概念的理解', NULL, 1),
(3, '几何', NULL, '主要几何图形的概念、特征( 如三角形内角和 180 度) 的掌握', NULL, 1),
(4, '量', NULL, '理解常见的量, 如千克, 千米等', NULL, 1),
(5, '统计', NULL, '简单数据的收集、整理、描述和分析, 计算基本的统计指标', NULL, 1),
(6, '估计', NULL, '对无法或者不必要给出精确数字处理与数字运算的情境的理解和把握, 运用相关策略给出近似答案', NULL, 1),
(7, '规律', NULL, '探索给定事物中隐含的规律', NULL, 1),
(8, '初级运算', NULL, '简单代数运算, 仅包括加减或乘除, 不涉及混合运算与通分', NULL, 1),
(9, '高级运算', NULL, '混合运算或需要进行通分的运算', NULL, 1),
(10, '应用', NULL, '将一个具体情境中的实际问题转化为数学问题', NULL, 1),
(11, '认识亿以内的数----数级、数 位', NULL, '', NULL, 2),
(12, '含两级数的读写', NULL, '', NULL, 2),
(13, '加法交换律', NULL, '', NULL, 7),
(14, '加法结合律', NULL, '', NULL, 7),
(15, '乘法结合 律', NULL, '', NULL, 7),
(16, '乘法交换 律', NULL, '', NULL, 7),
(17, '乘法分配律', NULL, '', NULL, 7),
(18, '连减的简便计算', NULL, '', NULL, 7),
(19, '加减计算的灵活应用', NULL, '', NULL, 7),
(20, '连除的简 便计算', NULL, '', NULL, 7),
(21, '乘加的灵活应用', NULL, '', NULL, 7),
(22, '辨别单位 1', NULL, '', '0', 6),
(23, '确认等分', NULL, '', '0', 6),
(24, '读取图示分数', NULL, '', '0', 6),
(25, '分数化简', NULL, '', '24', 6),
(26, '比较分数大小 （ 同分母或同分子）', NULL, '', '24', 6),
(27, '借助图形进行分数加减运算', NULL, '', '24', 6);

-- --------------------------------------------------------

--
-- 表的结构 `exam_know_ques`
--

CREATE TABLE IF NOT EXISTS `exam_know_ques` (
  `id` int(3) NOT NULL AUTO_INCREMENT,
  `know_id` int(3) NOT NULL,
  `ques_id` int(3) NOT NULL,
  `co_id` int(3) NOT NULL,
  PRIMARY KEY (`id`)
) ENGINE=MyISAM DEFAULT CHARSET=utf8 AUTO_INCREMENT=1 ;

-- --------------------------------------------------------

--
-- 表的结构 `exam_ques_bank`
--

CREATE TABLE IF NOT EXISTS `exam_ques_bank` (
  `ques_id` int(11) unsigned NOT NULL AUTO_INCREMENT COMMENT '题目编号',
  `co_id` varchar(50) DEFAULT NULL,
  `ch_id` varchar(50) DEFAULT NULL,
  `less_id` varchar(50) DEFAULT NULL,
  `know_id` varchar(50) DEFAULT NULL,
  `ques_title` varchar(500) DEFAULT NULL,
  `answer_a` varchar(50) DEFAULT NULL,
  `answer_b` varchar(50) DEFAULT NULL,
  `answer_c` varchar(50) DEFAULT NULL,
  `answer_d` varchar(50) DEFAULT NULL,
  `analysis` text NOT NULL COMMENT '试题解析',
  `IRT_a` float NOT NULL,
  `IRT_b` float NOT NULL,
  `IRT_c` float NOT NULL,
  `answer` text,
  `category` int(2) NOT NULL COMMENT '试题类型（选择判断等）',
  PRIMARY KEY (`ques_id`)
) ENGINE=InnoDB  DEFAULT CHARSET=utf8 AUTO_INCREMENT=98 ;

--
-- 转存表中的数据 `exam_ques_bank`
--

INSERT INTO `exam_ques_bank` (`ques_id`, `co_id`, `ch_id`, `less_id`, `know_id`, `ques_title`, `answer_a`, `answer_b`, `answer_c`, `answer_d`, `analysis`, `IRT_a`, `IRT_b`, `IRT_c`, `answer`, `category`) VALUES
(1, '1', 'ywsj01', 'yuwen01', '1,2', '“鉴前世之兴衰，考当今之得失。”出自__________。', '&#039;《汉书•东方朔传》‘', '&#039;《伶官传序》&#039;', '&#039;《荀子•劝学》&#039;', '&#039;《资治通鉴》&#039;', '本题正确答案为D,可以推断:前世之兴衰，考当今之得失。”出自北宋司马光所著《资治通鉴》。', 0.123, 0.187, 0.195, 'D', 1),
(2, '1', 'ywsj01', 'yuwen01', '2,3', '“清水出芙蓉，天然去雕饰。”这句名句出自_________之手。', '&#039;李白&#039;', '&#039;杜甫&#039;', '&#039;白居易&#039;', '&#039;王维&#039;', '本题正确答案为A,可以推断:“清水出芙蓉，天然去雕饰。”这句名句出自李白之手。', 0.148, 0.159, 0.195, 'A', 1),
(3, '1', 'ywsj01', 'yuwen01', '3,5', '“大行不顾细谨，大礼不辞小让。”出自__________。', '&#039;《资治通鉴》&#039;', '&#039;《与浩韧上人同看山寄京华亲故》&#039;', '&#039;《史记•项羽本纪》&#039;', '&#039;《苟于•劝学》&#039;', '本题正确答案为C,可以推断:“大行不顾细谨，大礼不辞小让。”出自《史记•项羽本纪》。', 0.116, 0.185, 0.195, 'C', 1),
(4, '1', 'ywsj01', 'yuwen01', '5,7', '“读书足以怡情，足以博彩，足以长才。”出自________。', '&#039;培根&#039;', '&#039;司马光&#039;', '&#039;吴均&#039;', '&#039;班固&#039;', '本题正确答案为A,可以推断:“读书足以怡情，足以博彩，足以长才”，出自培根之手。', 0.122, 0.188, 0.195, 'A', 1),
(5, '1', 'ywsj02', 'yuwen01', '2,3', '下列句子中，没有语病的一句是(    )', '&#039;随着改革开放的日益深入，每年到绥芬河市观光旅游的人次逐步攀升。&#039;', '&#039;校长非常理解他这次因县里召开第三届教学能手大赛而耽误正常上课。&#039;', '&#039;对于网上发布的应取消房屋预售制度的各种意见，专家持否定态度。&#039;', '&#039;是否具有坚忍不拔的毅力和卓尔不凡的智慧，是成为杰出人才的重要条件。&#039;', '本题正确答案为D,可以推断:在四个选项中，A 选项中，前后句子之间应该有“使动词”的衔接才完整；B 选项中，“节省”和“一倍”之间搭配不当；C 选项中，“培养”和“水平”属于动宾搭配不当；据此可知，答案是D。', 0.115, 0.192, 0.195, 'C', 1),
(6, '1', 'ywsj02', 'yuwen01', '9,10', '下面各句中，语意明确、没有歧义的一句是（    ）', '&#039;老张也喜欢到公园里去打太极拳。&#039;', '&#039;他连你都不认识，又怎么会认识我呢？&#039;', '&#039;他抬头一看，发现那幅画上头有一只苍蝇。&#039;', '&#039;辩论赛上，正方对反方的反驳是有充分准备的。&#039;', '本题正确答案为A,解析： B项第三人称代词“他”指代不明，搞不清楚到底是“老王”、“小李”还是别的“他”；C项同属表意不明，搞不清楚是“几个”公司的领导还是公司的“几个领导”；D项亦然，搞不清楚是调查期间的“前三天”，还是自调查之日起的“前三天”。', 0.129, 0.167, 0.195, 'A', 1),
(7, '1', 'ywsj02', 'yuwen01', '1,6', '下列各句中，语义明确，没有歧义的一句是(    )', '&#039;几乎所有公司的领导都出席了这次会议，可见这次改革至关重要。&#039;', '&#039;我最初认识他的时候，还是个7岁的毛头小子，如今已经成家立业了。&#039;', '&#039;马丁教授称“中国不同大学学费应不同”，此说在中外大学校长论坛引起共鸣。&#039;', '&#039;对于南方银行新任行长的意见，《经济观察报》明天将发表相关评论。&#039;', '本题正确答案为A,可以推断:在四个选项中，B 选项中出现两种理解：“你”不认识“他”；“他”不认识“你”， 有歧义。C 选项中出现两种理解：“画中画有苍蝇”，“有一只苍蝇趴在画上”，有歧义；D 选项中出现两种理解：“反驳”属于“正方”；“反驳”属于“反方”，有歧义。故正确答案为A。', 0.156, 0.141, 0.195, 'C', 1),
(8, '1', 'ywsj02', 'yuwen01', '4,6,8', '下列句子中，没有语病的一句是(    )', '&#039;该电厂每年的发电量，除供当地使用外，还向北京、天津输送。&#039;', '&#039;随着科学技术日新月异的发展，电脑已成为人们不可或缺的工具&#039;', '&#039;国产电视机的价格一降再将，有的甚至下降了一倍。&#039;', '&#039;文件对经济领域中的一些问题，从理论上和政策上作了详细的规定和深刻的说明。&#039;', '本题正确答案为C,A项主谓搭配不当，应将“攀升”改为“增多”；B项动宾搭配不当，应将“召开”改为“举行”；D项不合逻辑，将“是否”去掉即可。', 0.128, 0.168, 0.195, 'B', 1),
(9, '2', 'sxzj01', 'shuxue01', '11,12', '810÷5÷6=(  )', '&#039;22&#039;', '&#039;27&#039;', '&#039;25&#039;', '&#039;30&#039;', '258÷8=32……2，第2组', 0.802, 0.123, 0.215, 'B', 1),
(10, '2', 'sxzj01', 'shuxue01', '11', '12×15=( )', '&#039;150&#039;', '&#039;170&#039;', '&#039;180&#039;', '&#039;200&#039;', '根据整除的意义可知，甲数能被乙数整除，那么甲数一定能被除数乙数除尽．\r\n', 0.802, 0.401, 0.215, 'C', 1),
(11, '2', 'sxzj01', 'shuxue01', '12', '81×29≈ (  )', '&#039;210&#039;', '&#039;200&#039;', '&#039;240&#039;', '&#039;220&#039;', '', 0.802, 0.601, 0.215, 'C', 1),
(12, '2', 'sxzj01', 'shuxue01', '12', '4×14=(  )', '&#039;45&#039;', '&#039;46&#039;', '&#039;56&#039;', '&#039;54&#039;', '', 0.802, 0.601, 0.215, 'C', 1),
(13, '2', 'sxzj02', 'shuxue01', '11', '24×5=(  )', '&#039;120&#039;', '&#039;125&#039;', '&#039;140&#039;', '&#039;110&#039;', '', 0.802, 0.201, 0.215, 'A', 1),
(14, '2', 'sxzj02', 'shuxue01', '11', '78÷3=(   )', '&#039;29&#039;', '&#039;25&#039;', '&#039;23&#039;', '&#039;27&#039;', '', 0.802, 0.201, 0.215, 'D', 1),
(15, '2', 'sxzj02', 'shuxue01', '11', '138÷7 ≈ &lt;span&gt;( )&lt;/span&gt;', '&#039;20&#039;', '&#039;21&#039;', '&#039;19&#039;', '&#039;14&#039;', '', 0.802, 0.395, 0.215, 'A', 1),
(16, '2', 'sxzj02', 'shuxue01', '11', '下面算式中，相同的字母代表相同的数字，不同的字母代表不同的数字，\r\n若下列等式成立\r\n\r\n\r\n	&amp;n', '&#039;35&#039;', '&#039;39&#039;', '&#039;43&#039;', '&#039;37&#039;', '', 0.802, 0.395, 0.215, 'B', 1),
(17, '2', 'sxzj01', 'shuxue01', '11', '估算：5678÷28≈( )．', '&#039;29&#039;', '&#039;19&#039;', '&#039;190&#039;', '&#039;200&#039;', '', 0.802, 0.201, 0.215, 'C', 1),
(18, '2', 'sxzj01', 'shuxue01', '12', '4×4÷4×4=(  )', '&#039;16&#039;', '&#039;1&#039;', '&#039;64&#039;', '&#039;4&#039;', '', 0.802, 0.395, 0.215, 'A', 1),
(19, '2', 'sxzj01', 'shuxue01', '11,12', '138÷7 ≈ ( )', '&#039;20&#039;', '&#039;14&#039;', '&#039;21&#039;', '&#039;19&#039;', '', 0.802, 0.199, 0.215, 'A', 1),
(20, '2', 'sxzj01', 'shuxue01', '11,12', '23×39≈( )', '&#039;1000&#039;', '&#039;900&#039;', '&#039;700&#039;', '&#039;800&#039;', '', 0.802, 0.123, 0.215, 'D', 1),
(21, '2', 'sxzj01', 'shuxue01', '11,12', '4×8÷2÷4=(  )', '&#039;1&#039;', '&#039;3&#039;', '&#039;4&#039;', '&#039;2&#039;', '', 0.802, 0.395, 0.215, 'C', 1),
(22, '2', 'sxzj01', 'shuxue01', '11,12', '3×8×4÷6=(  )', '&#039;10&#039;', '&#039;16&#039;', '&#039;12&#039;', '&#039;14&#039;', '', 0.802, 0.199, 0.215, 'B', 1),
(23, '3', '', 'fenshu01', 'fenshu0104&fenshu0106&fenshu0108', '5/3-4/3=', '''2/3''', '''1/3''', '''1/4''', '''2/5''', '', 1.48, 0.02, 0.862, 'B', 0),
(24, '3', '', 'fenshu01', 'fenshu0104&fenshu0108', '3/4-3/8=', '''1/8''', '''2/8''', '''3/8''', '''4/8''', '', 1.93, 0.01, 0.862, 'C', 0),
(25, '3', '', 'fenshu01', 'fenshu0104&fenshu0108', '5/6-1/9=', '''2/9''', '''13/18''', '''11/18''', '''15/18''', '', 1.66, 0.08, 0.862, 'B', 0),
(26, '3', '', 'fenshu01', 'fenshu0102&fenshu0103&fenshu0104&fenshu0108', '4 3/5-3 4/10=', '''1 1/10''', '', '0', '0', '', 0.63, 0.36, 0.862, NULL, 0),
(27, '3', '', 'fenshu01', 'fenshu0102&fenshu0103&fenshu0105&fenshu0108', '3 1/2-2 3/2=', '0', '0', '0', '0', '', 0.85, 0.04, 0.862, NULL, 0),
(28, '3', '', 'fenshu01', 'fenshu0108', '6/7-4/7=', '0', '0', '0', '0', '', 1.52, 1.05, 0.862, NULL, 0),
(29, '3', '', 'fenshu01', 'fenshu0101&fenshu0102&fenshu0108', '3-2 1/5=', '0', '0', '0', '0', '', 1.84, 0.44, 0.862, NULL, 0),
(30, '3', '', 'fenshu01', 'fenshu0108', '2/3-2/3=', '0', '0', '0', '0', '', 0.65, 1.24, 0.862, NULL, 0),
(31, '3', '', 'fenshu01', 'fenshu0102&fenshu0108', '3 7/8-2=', '0', '0', '0', '0', '', 0.47, 0.87, 0.862, NULL, 0),
(32, '3', '', 'fenshu01', 'fenshu0102&fenshu0105&fenshu0106&fenshu0107&fenshu', '4 4/12-2 7/12=', '0', '0', '0', '0', '', 2.1, 0.49, 0.862, NULL, 0),
(33, '3', '', 'fenshu01', 'fenshu0102&fenshu0105&fenshu0108', '4 1/3-2 4/3=', '0', '0', '0', '0', '', 1.79, 0.22, 0.862, NULL, 0),
(34, '3', '', 'fenshu01', 'fenshu0107&fenshu0108', '11/8-1/8=', '0', '0', '0', '0', '', 1.3, 0.77, 0.862, NULL, 0),
(35, '3', '', 'fenshu01', 'fenshu0102&fenshu0104&fenshu0105&fenshu0108', '3 3/8-2 5/6=', '0', '0', '0', '0', '', 2.32, 0.73, 0.862, NULL, 0),
(36, '3', '', 'fenshu01', 'fenshu0102&fenshu0108', '3 4/5-3 2/5=', '0', '0', '0', '0', '', 1.58, 0.68, 0.862, NULL, 0),
(37, '3', '', 'fenshu01', 'fenshu0101&fenshu0102&fenshu0108', '2-1/3=', '0', '0', '0', '0', '', 1.98, 0.29, 0.862, NULL, 0),
(38, '3', '', 'fenshu01', 'fenshu0102&fenshu0108', '4 5/7-1 4/7=', '0', '0', '0', '0', '', 1.31, 0.62, 0.862, NULL, 0),
(39, '3', '', 'fenshu01', 'fenshu0102&fenshu0105&fenshu0108', '7 3/5-4/5=', '0', '0', '0', '0', '', 2.16, 0.35, 0.862, NULL, 0),
(40, '3', '', 'fenshu01', 'fenshu0102&fenshu0105&fenshu0106&fenshu0108', '4 1/10-2 8/10=', '0', '0', '0', '0', '', 1.57, 0.23, 0.862, NULL, 0),
(41, '3', '', 'fenshu01', 'fenshu0101&fenshu0102&fenshu0103&fenshu0105&fenshu', '4-1 4/3=', '0', '0', '0', '0', '', 3.29, 0.69, 0.862, NULL, 0),
(42, '3', '', 'fenshu01', 'fenshu0102&fenshu0103&fenshu0105&fenshu0108', '4 1/3-1 5/3=', '0', '0', '0', '0', '', 2.33, 0.47, 0.862, NULL, 0),
(43, '4', NULL, 'fenshu02', 'fenshu0202&fenshu0201', '2/3+2/3=', '2/3', '1/3', '4/3', '1 1/3', '', 0, 0, 0, NULL, 0),
(44, '4', NULL, 'fenshu02', 'fenshu0201', '1/3+1/3=', '2/3', '1/3', '4/3', '5/3', '', 0, 0, 0, NULL, 0),
(45, '4', NULL, 'fenshu02', 'fenshu0202&fenshu0201&fenshu0203', '1/3+1/5=', '1/15', '7/15', '8/15', '10/15', '', 0, 0, 0, NULL, 0),
(46, '4', NULL, 'fenshu03', NULL, '7/4+5/4=', NULL, NULL, NULL, NULL, '', 0, 0, 0, NULL, 0),
(47, '4', NULL, 'fenshu03', NULL, '2 6/8+3 10/6=', NULL, NULL, NULL, NULL, '', 0, 0, 0, NULL, 0),
(48, '4', NULL, 'fenshu03', NULL, '1 4/7+1 12/7=', NULL, NULL, NULL, NULL, '', 0, 0, 0, NULL, 0),
(49, '4', NULL, 'fenshu03', NULL, '3/4+1/2=', NULL, NULL, NULL, NULL, '', 0, 0, 0, NULL, 0),
(50, '4', NULL, 'fenshu03', NULL, '3/5+1/5=', NULL, NULL, NULL, NULL, '', 0, 0, 0, NULL, 0),
(51, '4', '', 'fenshu03', '', '3 1/6+2 3/4=', '', '', '', '', '错误', 0, 0, 0, '', 0),
(52, '4', NULL, 'fenshu03', NULL, '2/5+12/8=', NULL, NULL, NULL, NULL, '', 0, 0, 0, NULL, 0),
(53, '4', NULL, 'fenshu03', NULL, '2/4+1/9=', NULL, NULL, NULL, NULL, '', 0, 0, 0, NULL, 0),
(54, '4', NULL, 'fenshu03', NULL, '15/35+10/35=', NULL, NULL, NULL, NULL, '', 0, 0, 0, NULL, 0),
(55, '4', NULL, 'fenshu03', NULL, '1/2+1 10/7=', NULL, NULL, NULL, NULL, '', 0, 0, 0, NULL, 0),
(56, '4', NULL, 'fenshu03', NULL, '1 2/5+3/5=', NULL, NULL, NULL, NULL, '', 0, 0, 0, NULL, 0),
(57, '4', NULL, 'fenshu03', NULL, '2 1/7+3/7=', NULL, NULL, NULL, NULL, '', 0, 0, 0, NULL, 0),
(58, '4', NULL, 'fenshu03', NULL, '3+10/5=', NULL, NULL, NULL, NULL, '', 0, 0, 0, NULL, 0),
(59, '4', NULL, 'fenshu03', NULL, '12/8+1=', NULL, NULL, NULL, NULL, '', 0, 0, 0, NULL, 0),
(76, '5', NULL, NULL, NULL, '260×20的积的末尾有（）个0。', '1', '2', '3', '4', '', 0, 0, 0, 'B', 0),
(77, '5', NULL, NULL, NULL, '判断：430÷70=5……80', '正确', '错误', '', '', '', 0, 0, 0, 'B', 0),
(78, '5', NULL, NULL, NULL, '如果一个因数末尾有两个  0 ，另一个因数末尾有  1  个  0 ，积的末尾（       ）。 ', '4', '3', '2', '至少有3个0', '', 0, 0, 0, 'D', 0),
(79, '5', NULL, NULL, NULL, '下面计算正确的是（      ）', ' 25 × 3=65 ', ' 78 × 4=348 ', '16 × 6=96 ', '23×3=50', '', 0, 0, 0, 'C', 0),
(80, '5', NULL, NULL, NULL, '要使一位数□乘  25  积是三位数，□里最小填（     ）', '0 ', '3', '5', '4', '', 0, 0, 0, 'D', 0),
(81, '5', NULL, NULL, NULL, '判断    ：两个因数的积一定大于其中一个因数。（      )', '正确', '错误', '', '', '', 0, 0, 0, 'B', 0),
(82, '5', NULL, NULL, NULL, '三位数乘两位数，积是（   ） ', '四位数', '五位数', '四位数或五位数', '六位数', '', 0, 0, 0, 'C', 0),
(83, '5', NULL, NULL, NULL, '在  145 × 34  的计算过程中，“ 3 ”乘“ 145 ”的结果是（     ）。 ', '435 ', '4350', '43500', '435000', '', 0, 0, 0, 'B', 0),
(84, '5', NULL, NULL, NULL, '判断：   51 × 13=50 × 13+13     （      ）  ', '正确 ', '错误', '', '', '', 0, 0, 0, 'A', 0),
(85, '5', NULL, NULL, NULL, '判断：因数中间不管有几个  0 ，计算时只乘一个就行。（     ）', '正确', '错误', '', '', '', 0, 0, 0, 'B', 0),
(86, '5', NULL, NULL, NULL, '判断：一辆长途客车3 小时行了165千米，照这样的速度，它12 小时可以行多少米？可以165×（12÷3）来解答。（  ）', '正确', '错误', '', '', '', 0, 0, 0, 'A', 0),
(87, '5', NULL, NULL, NULL, '爸爸坐车去南京，家距离南京  420  千米，去时用了  7  小时，返回时少用 了  1  小时，返回是的速度是（      ）', '每小时  60  千米', '  60  千米', '70  千米 / 时', '70  千米  ', '', 0, 0, 0, 'A', 0),
(88, '5', NULL, NULL, NULL, '判断：一个整数末尾添上两个  0 ，这个数就扩大了  100  倍。  （      ）', '正确', '错误', '', '', '', 0, 0, 0, 'A', 0),
(89, '5', NULL, NULL, NULL, '一个因数不变，另一个因数缩小若干倍，积（       ）。', '缩小若干倍。', '扩大若干倍', '不变', '变为无穷大', '', 0, 0, 0, 'A', 0),
(90, '5', NULL, NULL, NULL, '判断：两个因数同时扩大  3  倍，积就扩大  6  倍。（     ）    ', '正确', '错误', '', '', '', 0, 0, 0, 'B', 0),
(91, '5', NULL, NULL, NULL, '小明在做一道乘法算式时，把因数  60  错写成了  6 ，这样算出的 积会比原来的积（      ）。  ', '扩大  10  倍  ', '扩大20倍', '缩小  10  倍', '不变', '', 0, 0, 0, 'C', 0),
(92, '5', NULL, NULL, NULL, '一个数的  5  倍是  130 ，它的  15  倍是  390 。（）  ', '正确', '错误', '', '', '', 0, 0, 0, 'A', 0),
(93, '5', NULL, NULL, NULL, '一个数里面有  15  个  300 ，这个数是（      ）。', '20 ', '4500', '450', '45000 ', '', 0, 0, 0, 'B', 0),
(94, '5', NULL, NULL, NULL, '110+120+130+140+150=130 × 5 ( )', '正确', '错误', '', '', '', 0, 0, 0, 'A', 0),
(95, '5', NULL, NULL, NULL, '398  是  400  的近似数。（ ）', '正确', '错误', '', '', '', 0, 0, 0, 'B', 0),
(96, '5', NULL, NULL, NULL, '小红每分钟打  105  个字，一小时大约打（      ）个字', ' 600 ', '12000', '8000', '6000', '', 0, 0, 0, 'D', 0),
(97, '5', NULL, NULL, NULL, '明明家第三季度收电费  395  元，估计一下，明明家一年大约收电费（      ） 钱', '4800', '800 ', '1600', '4000', '', 0, 0, 0, 'C', 0);

-- --------------------------------------------------------

--
-- 表的结构 `exam_test`
--

CREATE TABLE IF NOT EXISTS `exam_test` (
  `id` int(3) NOT NULL AUTO_INCREMENT COMMENT '测试编号',
  `co_id` int(3) NOT NULL,
  `u_id` varchar(20) NOT NULL,
  `time_s` varchar(20) NOT NULL COMMENT '开始时间',
  `time_e` varchar(20) NOT NULL COMMENT '结束时间',
  `result` varchar(500) NOT NULL COMMENT '测试结果',
  `abality` float NOT NULL COMMENT '当前能力值',
  PRIMARY KEY (`id`)
) ENGINE=InnoDB  DEFAULT CHARSET=utf8 AUTO_INCREMENT=3 ;

--
-- 转存表中的数据 `exam_test`
--

INSERT INTO `exam_test` (`id`, `co_id`, `u_id`, `time_s`, `time_e`, `result`, `abality`) VALUES
(1, 2, 'admin@134.com', '0.14671000 143590348', '0.39861500 143590785', '9:t,10:f,11:t,12:f,13:f,14:f,15:f,16:t,17:t,18:f,19:f,20:f,21:f,22:f,', 0),
(2, 2, 'admin@134.com', '1435908638', '1435908660', '9:t,10:f,11:f,12:t,13:f,14:f,15:t,16:f,17:t,18:f,19:f,20:f,21:t,22:t,', 0);

-- --------------------------------------------------------

--
-- 表的结构 `exam_test_stra`
--

CREATE TABLE IF NOT EXISTS `exam_test_stra` (
  `test_id` varchar(50) DEFAULT NULL,
  `know_id` varchar(50) DEFAULT NULL,
  `id` int(20) NOT NULL,
  `test_num` int(20) DEFAULT NULL,
  `test_score` int(5) DEFAULT NULL,
  PRIMARY KEY (`id`)
) ENGINE=InnoDB DEFAULT CHARSET=utf8;

-- --------------------------------------------------------

--
-- 表的结构 `exam_user`
--

CREATE TABLE IF NOT EXISTS `exam_user` (
  `u_id` int(11) NOT NULL AUTO_INCREMENT COMMENT '学生编号',
  `u_class` varchar(8) NOT NULL COMMENT '班级编号',
  `u_name` varchar(8) NOT NULL COMMENT '学生名称',
  `u_pwd` varchar(16) NOT NULL COMMENT '口令',
  `u_tel` int(11) DEFAULT NULL COMMENT '电话',
  `u_email` varchar(32) DEFAULT NULL COMMENT '邮箱',
  PRIMARY KEY (`u_id`)
) ENGINE=InnoDB  DEFAULT CHARSET=utf8 AUTO_INCREMENT=11 ;

--
-- 转存表中的数据 `exam_user`
--

INSERT INTO `exam_user` (`u_id`, `u_class`, `u_name`, `u_pwd`, `u_tel`, `u_email`) VALUES
(1, '1', 'admin  ', '21232f297a57a5a7', 12343543, 'admin@134.com'),
(10, '2', 'cheng   ', '04a9bc5a1ef26596', 2134234235, 'chengyingbo88@163.com');

/*!40101 SET CHARACTER_SET_CLIENT=@OLD_CHARACTER_SET_CLIENT */;
/*!40101 SET CHARACTER_SET_RESULTS=@OLD_CHARACTER_SET_RESULTS */;
/*!40101 SET COLLATION_CONNECTION=@OLD_COLLATION_CONNECTION */;
